longitudeSD,latitudeSD,altitudeSD
8.18598294666972e-05,5.2249734600102645e-05,25.035990489501764
6.21498185362378e-05,0.00013126997405692585,50.58934924980969
6.337733982078189e-05,9.510177133485984e-05,24.125486137696004
7.994725839980149e-05,0.00022581339875005237,18.802661234354037
8.738569048053304e-05,9.908540264284081e-05,26.174196063801674
7.79225134766784e-05,5.7437095173361365e-05,34.07886048197092
6.437718739659425e-05,0.00011698264869394978,23.624399301052616
8.235977039438188e-05,3.624906302465468e-05,36.36009492516208
6.738018172161419e-05,6.559132725912882e-06,15.801546188006276
7.373245184771427e-05,0.00025962802496193673,29.880478203925545
2.880433746302921e-05,6.744396718401555e-05,24.960554851553336
0.0006691781518882352,0.0010416856042334169,15.36152871042497
0.0002992035917626816,0.0011694068066892924,75.76672890132505
5.2089228595827586e-05,8.24990292976823e-05,28.021878699178004
9.683758981255322e-05,7.222345027232342e-05,29.591266566690603
4.220721370712261e-06,2.2590761145301123e-05,0.0
8.253204058585191e-06,9.777313698921309e-05,33.71456662547339
0.00011835486430642505,0.0004803306219276826,20.234890659188327
9.934889645641291e-05,0.00044140026177873996,21.712839487041915
2.0472542582078028e-06,5.532942501858025e-05,0.12103072956898178
1.709631395306546e-06,8.18762993303855e-06,0.0
1.4688651041615198e-05,2.3745328239269665e-05,13.429980490362095
2.770912405082105e-06,1.4785662719329658e-05,0.09977791093504561
5.501482005168578e-05,0.00013143323550936714,21.714984650504558
3.994679561887418e-05,0.00011607067477366537,13.236651020551301
6.948264510982732e-05,6.80396029208262e-05,30.062068600984283
0.00012550131037777183,0.0001822544436129011,39.51464675303776
3.42730713537785e-05,3.66883551766145e-05,27.239856913670256
0.0,0.0,0.0
0.00018466365801242556,0.00012836932978479003,30.234085606084914
6.187897349820565e-05,5.881823960849893e-05,20.406528592045245
0.00013763915908337885,0.0002296015886939463,28.74954858171394
3.674248692539776e-05,0.0001471952966148772,20.607926340467408
8.580330654293208e-05,0.00014199438192338452,21.003297813734406
9.726482707857512e-05,0.00014782297169322318,34.24703037082093
2.8317557644236716e-05,5.681793885993508e-05,36.70322683264764
2.8861007661980744e-05,6.951220343629527e-05,21.49763828204151
0.00032905874595340627,0.0003553074959794647,24.102847542428414
0.00011741505133331886,0.0001589244999704673,26.70442040974018
9.180499356963706e-05,4.715017155142749e-05,19.259437643652113
4.535245444537761e-05,5.303493301198565e-05,34.44118106531448
1.3995707278476157e-05,1.0220871898538913e-05,0.1247219128924647
0.0008550432403368614,0.0036002284264993927,88.09580210458697
0.0003965438368448491,0.0021552295336804157,40.59270775372265
8.577019867398263e-05,0.00022280804977120513,31.892054062717623
0.0008133099024443719,0.00014264968307063652,32.72782477740219
6.62975654191449e-05,9.994579060984565e-05,33.59795333131068
3.498838908660928e-05,0.00010467464082300488,23.14858400828223
7.401810368864329e-05,9.319033831628525e-05,23.534460152887796
5.617719606333054e-05,0.00011809054150159769,19.26218903164561
0.00014552029531652745,9.669670998215904e-05,22.552850069067333
8.818183685771109e-05,0.0001257363642545421,17.54086359526011
0.000556681030437529,0.0023758898972535167,23.35618879740184
0.00027907157952715655,0.00016193334770451607,7.388333210465045
0.0004178330168262146,0.0018160881794399481,25.285557001471066
3.821361471597948e-05,0.00011463917699819457,22.309384272164543
0.00036395037884832205,0.0026129759344154877,29.230691406492422
0.0003225075019165916,0.00019007282832072416,29.82338658149067
0.00048814850751605673,0.0023508463742769924,21.423547580908533
5.213914571205552e-05,0.00018757427572713736,28.218127636817595
0.00022403668287377575,0.00014901189724178556,57.770894473582025
9.373086258550073e-05,0.0002884625660855947,31.64297217493696
9.544832226537538e-06,7.360529872389292e-05,0.2494438257849294
5.250390461930303e-06,5.478644814303359e-05,0.25
8.76713024927312e-05,0.0002707140392935041,25.078376285730407
7.249540052874829e-05,0.00015329967049940678,21.579949449215466
5.457510494621985e-05,8.103566561338197e-05,17.102313324120647
2.4541660540912882e-05,2.990083531290843e-05,22.38657943066826
3.823118857855349e-05,2.7922884643044252e-05,24.561910086509926
8.314295578611047e-05,0.00010046540081885933,32.255213133656184
2.277702588269727e-05,6.072146942329125e-05,14.482155899802096
4.333044795142641e-05,9.034096491124783e-05,23.264038199799096
0.00010283677471190424,0.0002188988003671159,27.974611987548062
5.457314647303579e-05,9.147115893244059e-05,52.548380927331934
1.6000000009341875e-06,2.750000000162345e-06,0.0
6.768624748350774e-05,0.0005928823141262205,19.655827902756304
0.00017842807840127945,0.00010033051030151828,21.46935962645563
6.623935515310597e-05,0.00011944720646706832,35.169004392864146
1.6242314972613754e-05,0.00010162042278592425,31.487182287179525
9.537562432661616e-05,6.908224761878388e-05,27.447995845590917
7.748716550113272e-05,0.0003056898138677817,26.381816315591294
0.000145322370388306,0.00046629355815482336,37.381447194022584
7.270142357153777e-05,7.494061289608695e-05,34.85963796360117
0.00013276948807521504,3.6345972509653427e-05,32.006612706679384
8.768576366826606e-05,9.952797444945386e-05,18.728197370147694
0.0008642057604613629,0.0028562350446270624,75.45622890274409
0.004505891393455733,0.0010208294002588055,68.69677564768989
0.0004345550402522974,0.0031806884124814293,33.08129288400289
1.8528130931354408e-05,7.486746252059074e-05,30.594879716631866
4.87667863047865e-06,2.2132758590279745e-05,0.21236053509901942
5.228439321534436e-05,3.720707509590802e-05,25.889714551449877
5.886236649314327e-05,6.387179296907422e-05,27.123090221991053
5.455380925830826e-05,9.528858950453289e-05,23.942917461260755
5.767124415024746e-05,0.00017971688806638726,20.476208726168416
0.00012400838793037144,0.0001332604190929175,28.779372250431535
3.0261681768489398e-05,4.240706581554995e-05,27.902593170982275
0.00014877335229908354,0.00018470328867100513,18.916708744200534
2.5420239951026707e-05,7.77713107931074e-05,13.433454733776333
0.0,0.0,0.0
0.001001667358282583,0.0002970477788184087,8.588881677267038
3.84734204541102e-06,5.049599835940959e-05,0.1963383631246505
3.539533834387575e-05,4.6492828862900896e-05,26.645031379644163
1.469016801831889e-05,2.8600991180270832e-05,31.760047335948308
6.412010043765857e-05,0.00010158347290489387,31.300899918867223
0.00014461781121875657,9.58125719941028e-05,25.24693166969898
6.037543152422642e-05,6.185182551618596e-05,36.75374089888545
1.509436980729972e-06,3.1985152751229773e-06,0.15
7.528636934839885e-05,4.5090671764313186e-05,24.47509139135049
7.25903540185805e-05,0.0002395393268739306,30.823927242792678
5.6786742614038223e-05,0.0001296072597619814,25.98151134303779
4.1268552275004996e-05,2.7253508085399764e-05,5.70031353349667
4.258902142647291e-05,7.187806880334938e-05,24.516710697782337
2.5719795959281466e-05,5.5045206365697296e-05,30.268468981229574
8.418258320610731e-05,0.00016936379965520407,23.84956893888514
5.5704517205123416e-05,0.0001642950535745482,29.001792344238712
5.838537544413523e-05,0.0002601314127577687,24.02000891761632
4.8704146254836055e-05,0.00016765374214973436,37.219582404083994
9.830279797994659e-05,0.0001841280191550827,19.366696990071176
7.227114689025972e-05,8.192649672728179e-05,30.71078134633727
0.0,0.0,0.0
4.503193550690068e-05,4.2680454042078645e-05,32.09548335469186
3.577106013970639e-05,3.9132438180157974e-05,20.658358425574523
4.991333908141439e-05,0.00010065700301849584,28.465002257109045
0.00011076223968092128,0.0002420966338559622,30.293791522275228
0.0001835227967253758,0.000552810926210271,37.91001544546505
8.108585420843513e-05,9.978316170633557e-05,41.06632545294365
8.260944689065748e-05,0.0002707993486818467,31.514993645720384
9.149855630428046e-05,0.0004908160891829448,18.754972897706942
2.7660014052290682e-05,5.5955493205465606e-05,17.050268408277113
0.00010525398107813162,0.00011107267281868114,19.499494171204876
4.384584920930442e-05,9.133217526668888e-05,29.04607960610913
0.00026200281792072003,0.000127631880779026,177.5425699538841
3.107153037618253e-06,3.811017712548044e-05,0.0
6.747234309990144e-05,0.00011698288098681385,28.123704719728515
3.099722804492161e-05,9.045938776260697e-05,22.28945378243429
0.0006171994839548594,0.0010073331042426672,30.53461069800785
0.00024258281234714447,0.00043166947731252683,26.149830959573105
7.105886198203734e-05,0.00011892715998814347,26.250317366933274
0.00015815991266891256,9.896613690596256e-05,18.9918835055807
0.00014991508127864416,7.952729971712048e-05,23.599653408413214
8.784559663676236e-05,5.3569176201206215e-05,30.260992830289457
4.032218998116178e-05,5.942648587530045e-05,29.481166971421683
0.00039966643256802406,0.0017034232831945257,24.515753418510574
0.000163912432954413,8.217897136030174e-05,6.984938313285359
0.00033140833993404076,0.0014599073934010625,0.5686245622752731
0.00010979340638631299,0.00228829374531169,30.554426901092835
5.1161852000562726e-05,5.624988311677245e-05,32.386339429420346
0.0005116844602722893,0.003666589584404607,66.7336483292042
0.00024927778334640543,0.000968448875880828,36.13658427018422
0.0005741214097736422,0.0017257506399427766,96.26275546893837
0.0001775716104129758,0.00011230030739745529,28.78894571862107
3.1702402409901986e-05,0.00014514101516619274,22.46786879223356
4.995658194354816e-05,9.141465915313485e-05,26.334499880233103
6.258097607475424e-05,0.00016729028870705157,42.069005651424355
6.894810788037854e-05,9.557583799286846e-05,28.65197624179795
1.9509924357617998e-05,2.080661860261358e-05,19.78666590226694
6.873696300508571e-05,0.0001363699213063911,24.02463510821362
9.716586434134844e-05,8.013376742489445e-05,37.84812286019484
6.681370979131826e-05,0.0002194035328141311,29.24728191937053
0.00010524065003865638,0.00010277397358192809,55.51208566103303
3.563267033820166e-05,0.0001636904818440874,29.00637960570795
0.0001907270458252464,0.00013269327800718715,22.660585297924076
0.00015145462202161182,9.008281058126915e-05,34.56333554403696
5.7650342402767996e-05,0.00024218726514464898,57.66700318306167
6.245932068278579e-05,0.00013638061872701444,51.40747064746323
8.706436955965638e-06,4.414439943341872e-05,33.740740952148634
6.918017799445438e-05,7.362002619268736e-05,35.62746346460265
0.0,0.0,0.0
4.187066197965943e-05,0.00010142696957956372,19.237286979561166
8.644261230918049e-05,8.829090211254951e-05,54.644415237496816
5.082477461383861e-05,0.00015273480223610843,29.57422536681751
7.958255005406355e-05,6.127946208347591e-05,33.69757734244407
0.00020049918282660756,0.0005255546242490881,21.141641569766122
0.00014866840110705452,0.0005208510683687187,19.178070628922637
0.00012278442370925927,0.00032842144619793084,51.172726429788774
4.49471004742505e-05,0.00014207964002044466,26.982634974062062
0.00015862608051244123,7.948397012481658e-05,37.22244575569348
5.063302687343273e-05,9.766782799403309e-05,22.583667103370516
4.433859435150384e-05,8.868293758796032e-05,27.49461275250008
5.190290417428694e-05,7.461438869163996e-05,24.70650658761898
7.832313644920434e-05,0.00016162901340595107,31.479332759819734
0.0001173658948539111,6.667208136583983e-05,40.41693659476311
2.1722764903285113e-05,6.167194651460703e-05,18.473972412410895
0.00011675857444217798,0.00012839965025224657,20.527492828765862
8.178693131483117e-05,8.092358444546732e-05,21.15660155084252
1.8387872068462953e-05,0.00014999374233585648,29.73094067408094
6.99999999298484e-07,1.269999997788318e-05,0.0
0.0,0.0,0.0
0.00019124838785190037,0.0005640277836526769,74.71463057838812
7.285258654732448e-05,0.00015996401138568635,34.51208055847263
0.0001372152591718805,0.00015180928171266506,29.16381601030469
1.551342384643857e-05,7.76836292251713e-05,40.718528875071115
5.251434505896687e-05,0.00014297386704544622,22.183717717860667
0.00014710264510110218,0.0003775839051866022,28.52832200946421
9.714305713554246e-05,0.00024642986949232086,30.590118666790303
5.0112838293494995e-05,8.244732449067727e-05,28.40707308131193
0.00010141096230974844,0.00012268345244002826,27.71612707856285
3.607060282470712e-05,0.00013631062359541408,24.487001350033285
0.00010036826280299098,0.00022329960008444765,33.177565775651864
0.00011003703440558898,5.406811191317744e-05,26.801413970166806
8.692791394130927e-06,6.045052927217389e-05,0.16996731711975951
0.00011363814650271817,7.049164642962302e-05,33.788496476960944
9.257295043340111e-05,0.00015345313991486855,41.25259433767461
3.387250270899976e-05,9.890898333393904e-05,27.693604342481343
4.788443700308117e-05,0.00026913127325639243,22.360622364384774
9.313414227063651e-05,0.00012337780926679201,17.518768871729208
1.768670443713925e-05,1.4601465951484422e-05,22.700418924833233
9.436142816435358e-05,0.0002337122486005522,29.51381265343478
7.886875451077709e-05,0.0001263741036028532,29.52128889494447
0.0008483682452951563,0.001543009994644046,25.235981570769557
0.0003714370092963521,0.00033933140877942845,12.30010146044932
0.00028485511683957787,0.0020441374673840513,20.554906949182936
5.6929879196039e-05,8.949500447057068e-05,25.545261925352367
0.0003717052147799547,0.0007636092186836884,27.030457651887115
0.0007102845991948344,0.00027831551242698486,32.75024245891483
0.001126506424466614,0.0016092714796204536,61.154961160104946
6.0864614963085e-05,6.561369306147772e-05,27.64596055306914
8.588657977453587e-05,0.00023185088003059207,25.433530946814336
0.0002900695588179405,0.0004924797143396042,34.97098634368531
8.379271027258336e-05,0.00020729793886072235,46.943670556513204
3.10142554092443e-05,0.0001498959927266424,20.880418389171453
0.00018531724619480388,0.00013532976890336188,41.04019866146897
0.0001246894250210251,9.281391065880755e-05,25.479179550929565
5.1333521867287575e-05,9.984067066184787e-05,15.660642597266914
0.00011884652655844506,6.408711487876438e-05,31.62844987506821
0.00014905979518073042,0.0002520492463916379,35.0855871890776
3.0802202273104524e-05,4.247285337291376e-05,47.391012199300846
4.081539524728139e-05,2.7194444791549784e-05,25.36774186671281
8.16571107660654e-05,0.00011963766108359744,26.750517302072105
0.00017738036553494808,0.0001124085994969981,27.049808605723
6.837290034328651e-05,0.00014218904734599835,29.62734378978752
8.498722398772647e-05,0.00020195891741951042,33.988644922775016
8.979265263335395e-05,9.404391061300382e-05,23.917588631124268
5.2884413479606684e-05,0.00011710794669740484,33.40174189281803
7.561062676491543e-05,0.00028456712548865446,26.01172790482398
8.430868210136723e-05,0.00011293351020005995,26.889783033285127
8.431674813107804e-05,0.00013113808770398507,35.50533313948738
7.398509955128847e-05,0.00019100262906473844,31.741707512832228
7.799463458606956e-05,0.00020060117541800148,38.84215384068381
3.71323773071058e-05,7.988678039460139e-05,25.386819305214658
1.4324276208424866e-05,6.628595292022606e-05,2.0901253097584287
5.000560868525313e-05,0.0001136971398174206,4.042635245057266
1.3941788600166982e-05,6.641906844622581e-05,0.24743582965269675
0.00028206185865789734,0.0002840694263515631,26.92600180417559
3.033032952029492e-06,2.2019591280878247e-05,2.9184924762178697
6.123548573285257e-05,5.34520191735407e-05,28.163377146985006
5.577417785392307e-06,1.3914479629302775e-05,26.415724951084687
0.00015606316013405834,9.741597576126464e-05,41.04245502427535
0.00018575079416204295,0.00012065420555418214,33.746596639850154
0.00010338995029421116,0.0003599105447700884,57.93262807115301
8.190366914183666e-05,0.0001527326313293749,39.57491261233452
8.023475449488083e-05,0.00014918719987077133,24.482980156698705
0.00019056147927945698,0.00019220996105757604,50.60460751483654
4.626029746164401e-05,0.0001155406882060832,20.450226135661495
6.649921362681323e-05,0.0001153037799601165,26.79311798907144
0.00010786734438467636,0.0001201838196354073,24.13609880003476
8.841323941899382e-05,0.00011999671712354512,22.518783698820016
0.00012088212484034782,0.0004688860289548367,45.02465456478449
0.0003210198793850592,0.0002581942351938994,24.69333228605687
8.00258346499019e-05,5.92245972449464e-05,27.610869828560666
0.0003050556518012857,0.001089846484112902,31.25392453115798
0.000277902554638869,0.00018712107437620108,13.255355624842867
0.00028862503575827593,0.00017448896423040875,9.937275321296358
0.0006063630217823313,0.0026614879999876063,30.53967730888923
9.341682970612775e-05,0.00011334527199029428,36.446545446722375
2.6907613428010304e-05,4.1609439451101526e-05,12.882214964917475
0.00021347053382502482,0.00013390665010777687,37.408930688247366
0.000112717697576901,0.0002997673639105699,35.84324987205447
3.483689674863595e-06,3.5694887592707827e-06,0.0
0.0002823767655363479,0.00019144273966505758,28.030786787564484
2.668049640663753e-06,3.43772534644896e-06,0.0
0.0001470161122638495,0.0003128610529815315,33.8551961553657
0.00013020354605888183,0.00012621905802567314,91.4715834061045
9.00067282288085e-05,0.00015218072805069828,24.21472441015689
0.00012498831632231847,0.00013004216916134623,18.527856940778634
2.2056865646162526e-05,3.3011038857254185e-05,24.853579554395512
0.0002018379374393323,0.000196881035982776,46.26119999274773
4.728677995290476e-05,7.131423854531333e-05,35.32433110681708
5.675403419744529e-05,6.330148004364121e-05,20.882524596101018
9.539656174600264e-05,0.00012686433044471827,28.172579486939778
7.800263685744932e-05,7.829630823182232e-05,38.42685127196568
8.165912266927234e-05,9.81518553680301e-05,38.79610934101511
4.637634327227864e-05,0.00011974126184750183,22.49911804505266
0.0001956601572825259,0.00017878427437042598,32.49742042541593
3.942781355496673e-05,8.153716850803087e-05,34.477545081663855
9.98327524658064e-05,9.661298940384969e-05,22.994224654551292
4.7490172294230065e-05,0.00010685139523126275,26.12711210598661
0.000351827402201447,0.00045141027963401247,40.05375765963493
0.0008385251142449236,0.0021452786503541026,146.54004421483177
4.989080298605873e-05,6.703456645834317e-05,15.847754868747362
0.00020135965779067034,0.0001585345251618485,17.859262374548734
5.577754057109657e-05,2.7369636935053634e-05,16.469093191659205
0.00014822218682277003,0.00013955657276208366,19.240522626412723
0.0003339814575069478,0.0002493701994099079,33.923347309319276
6.814739403354116e-05,0.00013449654371964242,66.1984403035605
4.8830592732700844e-05,0.00011971749395930078,43.5319725360109
8.029845868166987e-05,9.161667595888146e-05,15.205179343713494
7.398950335519726e-05,0.00018256924896707156,37.12652942454885
3.203410048245524e-06,2.195156238612126e-06,0.0
6.42876588146773e-05,3.956503321538401e-05,26.451741209564105
0.00018937976457190678,0.0003481118897643216,57.77974726390714
8.078474604798395e-05,0.0001335499463128571,19.492556680810033
0.000512344290844421,0.0013211533844447666,29.139158565971513
0.00040258320013566203,0.0006258609666883251,16.407978361155877
0.0004069208769986111,0.0008302075862251875,33.08153215268167
0.0003291339672289618,0.0005140641714920346,18.364574593493856
0.0015415176488087986,0.0019015357020098448,41.54444457259529
5.706756206895123e-05,0.00015383307212015601,32.61373973048677
4.815537878419027e-05,0.00012548105343967018,29.739638216474425
0.00012090007517435948,0.000307636525484407,34.8528888336939
0.00026311822992987794,0.00039702173804067724,34.76024819960326
0.0001192313240077414,0.00015008453834431193,35.905635962688635
8.587612660223946e-05,0.00011791889718760446,64.35667900803891
8.310769099462282e-05,0.0002673536435427829,38.96456951474167
2.1048996221433867e-05,5.301600026276512e-05,29.50711364839631
6.339925754108905e-06,1.617832889096848e-05,34.83856793802268
3.53482551626212e-05,7.71748118346334e-05,28.16514286199767
0.0001371258900854542,0.00016121987399577838,19.843728700457998
6.615161314269822e-05,9.255875309822974e-05,26.555911134295915
4.376878294649538e-05,0.00011859047688435275,55.355248588169445
2.2250475935119107e-05,0.00017380343135961655,25.057739832601733
4.211384314121836e-05,5.7137986263325415e-05,18.278412069986768
2.794130845578451e-05,4.985532275702811e-05,16.770835164013466
8.45803167159589e-05,0.00021972324820631657,25.771012125469383
8.45542523356949e-05,6.530897006999028e-05,23.448641325086616
0.0001245587771867513,0.00027594622418330474,21.767009903143293
6.513935424962467e-05,0.00041189610147785886,25.393812946020926
0.0003147761382649953,0.0003950168672755537,75.34196106476944
1.8756090566869252e-05,0.0002047594920894094,28.450648824013225
0.0002357933487890426,0.0021968388900242236,343.81674538784216
9.925329164616313e-05,3.0009698739790417e-05,25.087477218560743
0.00032657067185986184,0.0010464398003622833,8.358245687197085
0.000223444550347153,0.0018587253724417917,45.137730441722795
0.00013396103976593839,0.0001448854233507181,39.61718635437189
2.785496497167164e-05,8.729354139760138e-05,16.760074284671315
4.9810939740879954e-05,4.053727128917431e-05,38.791900563389824
0.00012206222146647766,0.00017874981163404943,29.162787918910578
6.114588834896067e-05,0.00020986453201256089,44.35720924385386
9.735776119766905e-05,9.195648445206161e-05,6.062889145728167
0.00025154583539274645,0.00021466608259026557,37.977673181905665
2.870546614689193e-05,7.553169633254781e-05,39.48260393996517
9.522151756056442e-05,0.00018605615125863795,21.04357731067786
0.00012431476485119973,0.0001361476944852615,22.883295061022167
5.141305911790733e-05,0.00011808664365062449,25.067888508972995
2.352776137252049e-06,6.328945846699625e-06,0.0
5.188902235882003e-05,0.00013523212790347654,25.99456571428479
8.501562154066022e-05,2.8778990202910252e-05,35.66370815463308
0.00012986428147398658,0.00014604266516660526,18.795659286733823
0.00035546349484206515,0.001814775745477813,47.525464527672746
0.00017767875506076897,0.0003677755673391858,10.165860616592783
0.000868719440804752,0.004249911970396045,48.87557133806007
0.0004866678498555306,0.00022388811059599067,104.35681765881911
8.710135533279668e-05,0.0003546384920002256,21.137832937492274
0.00019324518064173577,0.0006928410577347732,31.825551199115882
0.0003599981819615383,0.00025204972406231993,36.387543692862806
3.489989025147303e-05,5.806789568238976e-05,21.428667684431385
0.00020994130790034156,0.00017595658745851777,49.44645033104131
7.528792717896963e-05,0.00012330754791916977,38.95829070183359
7.801820426563292e-05,4.630849591387733e-05,47.77636590088531
5.4165675398582053e-05,0.0004102406942849747,53.06185252032226
9.025979200572135e-05,9.737279594396491e-05,32.24206277899877
5.1848981778144e-05,4.467394242997989e-05,39.8621824547147
5.7611597439866806e-05,7.998904092955529e-05,43.85464314050526
3.70269794310092e-05,6.498512024102321e-05,26.016865976041423
8.437818545285099e-05,0.0002555675221429467,33.44604960349298
3.6345116539111205e-05,4.4764366364783577e-05,27.745771937660468
0.00014829041146844537,9.147890219023531e-05,25.844266288366118
6.649526575931822e-06,1.9875367834803698e-05,5.134658919755257
0.0004957842346342357,0.0011018379081544761,21.051933041565142
0.00011142241182885519,0.00012981380394182416,37.33863366319267
1.687861072397106e-06,5.066090700250353e-06,0.0
0.0005992478186136005,0.0031344150589609774,28.515362051955222
5.1730836790152165e-05,5.521814443767601e-05,4.907126907958927
0.0005207524576457858,0.001444654790629682,16.523740165047844
0.0004072845568838545,0.0009037590770724648,63.198081761543094
0.000152793514274689,0.00018938057078530133,12.620844401773743
0.0009299285415931153,0.003906899504446557,20.27039439401436
1.0396000240120649e-05,1.2331790717877377e-05,10.926229907886801
1.8709949817262768e-06,2.6550580679235736e-06,0.0
0.00013400940470211913,0.00013783368359249315,31.46394484172544
6.678913232893729e-05,0.00014271780943613937,30.358902883687573
6.834876053525851e-05,6.076202541412636e-05,8.948855569289293
7.202919652562237e-05,9.424238963936415e-05,22.91095878359889
0.00039708734247287614,0.0002639490323669106,24.26958383641977
9.71451359277424e-05,7.839868281493243e-05,22.178439948053416
3.9339006624582594e-05,0.00014795337585718688,26.939545048408462
7.339219802146169e-05,0.00010555416154379044,26.03522879387005
6.918668549038537e-05,0.00010092871045798668,21.192195618866556
9.611203392955989e-05,0.00012039619795412436,22.351112049954008
3.58830258504218e-05,3.8330942451625185e-05,21.59351301644578
6.426726531248932e-05,3.398351390082519e-05,18.915778489453427
6.502018289758774e-05,5.221433430465798e-05,8.654159702202678
9.893133084745359e-05,0.00025470108544518947,30.01722751281744
0.00016571466170746673,0.0018833561433275515,66.36655013549355
3.952633382955168e-06,6.254108855052156e-06,0.0
0.0003697127534098124,0.0006869341183896841,16.01232467633419
2.980620274951241e-06,1.107424439690588e-06,0.0
0.00048364891046489655,0.0016064789150611121,13.942918329929208
0.00034580289716803033,0.0006948887332224522,25.12859305429812
4.445783132060531e-05,7.430715207786458e-05,22.321797369050717
3.0252577801781394e-05,3.070273812691691e-05,45.616999213932836
0.011106229686159437,0.0018972012451269004,39.87332382469961
0.0007485221278701157,0.006189815445010125,19.318310416156194
0.0002503366805591679,0.0006247126444808514,17.69305152831842
9.983563826946785e-05,8.002926256337239e-05,25.759626843328597
3.313498246383061e-05,5.493468702405565e-05,30.44480228864293
1.5050477481541119e-05,3.965968538941525e-05,3.182970806496167
6.537054103904788e-05,1.5430808201061546e-05,34.48310815444621
0.0001171430565665922,0.00019358023326903516,23.401826205712467
7.981608875111439e-05,2.9123961682827436e-05,27.097270053425973
3.2083326568583524e-06,6.8487196588031635e-06,0.024206699948508128
7.954649272166695e-05,7.639448934089142e-05,22.825402486609576
2.9771796413107677e-06,3.162376139941248e-06,0.0
2.3143177143815398e-06,3.834383009762026e-06,0.0
1.916130359773268e-06,3.3493614583850013e-06,0.0
2.562670916840469e-05,5.8283088419978856e-05,32.51973400090776
0.00014154037139357543,4.928668948571302e-05,16.722936464420822
8.343915782821496e-05,8.977945460632506e-05,24.53845229471892
0.0022021134646244525,0.0020910826275986946,21.289793378225554
0.012657466337278808,0.010244178638034163,18.781898915786844
0.004303816512601438,0.006319271475865645,25.444562190724845
0.0001383865669056342,0.00019441799582736713,0.9226463218371492
0.004168014979554322,0.003286990866819131,19.95762267822911
0.012254534624055543,0.0086822178023594,112.26003327470306
0.012537955894345337,0.002465428115429196,79.11245076804235
0.0013297574635405332,0.0010644574299713007,61.5426143600833
0.0008931296147947741,0.0002501944191948299,25.83401960406177
8.675681219625206e-05,0.00015605240336122626,30.812554458074707
9.757418826981724e-05,4.453291707775061e-05,24.544065141931792
0.00011120214024413165,0.0001542030893236097,16.49792060452181
0.00011653583852526684,0.0001305931893541632,36.01099811287522
0.0001609734117510066,0.00017499783741928735,28.322188673485492
0.00010563715029431691,6.008585835102218e-05,24.300504963222817
6.83665029877066e-05,6.901594333059775e-05,22.70357170663624
2.7801548980768255e-05,0.00010672416402643476,28.719155370923577
5.4333402546457285e-05,6.709868808504099e-05,37.3780703127035
0.00025137490546583323,0.00038540385516820923,31.894778874375266
1.8610362124257477e-05,7.301577568333418e-05,30.089098781520768
0.00011279919601391975,4.559354703580507e-05,31.219966964616585
4.0361015962570474e-05,4.5453112829162e-05,24.72543441755516
0.00016870118295501458,0.00017133737253800644,29.518769065361525
9.09409657852121e-06,7.861343503362042e-05,26.93017491565278
0.0004895087996642332,0.0007849268032936714,21.290368013213193
0.0005072621674427954,0.002364397604876702,49.237792110593425
1.7437025589964744e-06,2.787824736250614e-06,0.0
6.358165419183215e-05,4.904980474297003e-05,24.41403627819295
0.0001474197110021047,8.650692200741854e-05,30.153721507655494
3.9934718457868225e-05,4.456413612233257e-05,20.153089527247964
8.186431600512204e-05,8.457561429771455e-05,32.7679303437566
7.695820190436075e-05,0.00014394007320280336,20.712077185884148
8.825374320321862e-05,0.00020691173665403752,18.12353601875554
7.03149739051468e-06,1.9789453982127136e-05,0.0
6.207200330090599e-06,3.297180613511946e-05,0.0726191764543381
2.9549720733030902e-05,8.234337991146678e-05,12.056786289017417
0.0006031220111961816,0.002357921463931982,39.73394056334675
0.0002649943059153804,0.00010597402012640992,33.80580140442762
9.255942107165216e-05,7.246819164842049e-05,29.231857223849644
0.00011251448666272596,0.00019759347003677304,31.53475919839735
0.0029127487876005652,0.001113901951788954,21.00666079179714
0.014919007621383514,0.07555507640418695,16.91907587817301
0.062431588624619595,0.058088701820042915,9.564566088703124
0.006099407235601752,0.06372896197898352,14.869428441470786
0.03708772764371548,0.0690671072029241,8.053603321084134
0.00012478637138994356,8.641129919982573e-05,11.68298664839653
0.06261624880033144,0.06990307462429211,13.66388782002395
0.10209888513837131,0.02703060162542462,6.789005853261895
0.0708205945853199,0.06757386832073514,9.336469572104662
0.0089501684093745,0.0011956352075081402,35.00435496247601
0.000526292683440691,0.0002444133477551355,39.51196197262987
0.000382111709679084,0.00014522976650904317,33.774962000021254
7.968190007864489e-05,9.885362399706582e-05,25.468903284209137
0.0012037579314218123,0.0008961660334463956,15.26649493275238
5.208969467197473e-05,6.832258071920955e-05,45.250838098188524
3.3518149422889636e-05,6.16614456883369e-05,54.18402518472249
8.359579104552516e-05,0.00017329529781415337,15.513926626322176
5.535701648464597e-05,0.00026067119785559196,44.943530883784334
8.097414993694968e-05,5.001843146783657e-05,18.068920682983055
2.5670605757675035e-05,8.79936865409282e-06,0.0
2.2679776784912358e-05,1.1807348347882558e-05,0.2861810326272311
0.0001712011757913809,0.0004051386239040426,68.91836878233359
0.0002647028644234229,0.00034373447089589465,77.621386184276
0.0038459424816815638,0.0024401926875118355,30.03125656478335
0.0018567804498728418,0.0019824521833681826,27.202844089003104
0.002660644475954119,0.001652606021108425,14.610041181585116
9.37505203117531e-05,6.742930481732403e-05,31.79631643204477
0.0011360769593059385,0.0007820289521176264,13.127431694201515
0.00014552179211570603,9.654431903941427e-05,38.36291659947437
0.00024548123749766414,0.00016623125172507877,72.97208134958937
0.00015748319455630692,0.00012833695719075423,15.758601859974899
9.574478437042917e-05,9.073590284291614e-05,17.526393716328876
0.0006665557353527341,0.0003938134320197947,64.4455426233746
0.0,0.0,0.0
7.620743230065321e-05,0.0001431284031709555,30.455769932806184
0.00012017947968863506,0.00010714527593528653,73.3982800530212
6.94381766587859e-05,3.8003285531848716e-05,6.640140959639547
8.880476916344284e-05,7.573136587262282e-05,27.334288869974817
8.736267743373863e-05,4.2227652814515824e-05,24.28937175754797
0.0,0.0,0.0
1.948557159338602e-06,4.500000084167116e-07,0.0
5.587730221811637e-05,5.680542327101017e-05,45.19557235456662
0.0001467016388023114,0.00018494424003497628,310.0417177215176
0.002850212509256613,0.000499613098760941,36.28368618054298
0.0009124438211982309,0.0010148305540254893,22.27385066496039
0.0012799540742167903,0.0019200250401234427,32.227440362622495
0.0012571996599202485,0.0022407073929167493,14.590726051116643
0.004217142397521742,0.0019055177758718032,13.03604894901787
0.00014060319529859584,9.00381946838862e-05,17.16472550937216
6.801868347335244e-05,9.059355951902464e-05,50.81956165348409
8.667003089298317e-05,0.00016444676720414812,78.38276334990438
7.276885797416057e-05,0.0001226350222953361,33.00293811323521
0.0001457780579581459,8.457470362972087e-05,22.75240781543721
0.0001304302754755076,0.00022853864715070832,46.83061471952486
0.0001520029206091878,6.518399847701819e-05,25.50701777540108
0.00011593772022967742,0.00015632480823433442,33.117600628054824
0.0002637651504184937,0.0002090464186294472,17.254905600922648
0.0015767041907239687,0.0006957208846838476,25.450915726959433
0.0002320662787843889,0.0001230909114311986,54.45480349353722
0.00019037838303856387,0.000671411179452755,13.110129524649711
0.0,0.0,0.0
0.0007431963279474879,0.0002557930547765649,15.154125423058877
0.00014712665639470812,0.00011990715328872576,44.32481246697465
0.00013098902098840524,0.00013333647344927733,32.57044539613408
2.5946242168108475e-05,1.3073581821730285e-05,0.1998263134713632
9.856788485446943e-05,0.00012057677690996674,70.8297632857128
0.0009799715196882317,0.004480621832923706,35.680333141640695
0.001087485055330996,0.0002618650665674608,24.805957676875988
0.0007237424021580922,0.000779596891806538,19.41563926707887
0.001431695235115749,0.001135832604069191,7.20868852323529
0.00019804827920349413,0.00019833015354150943,28.582578622039904
0.0001773029722423199,8.081461499848546e-05,106.10547596222418
0.0005707555427483402,0.00040183168898880216,36.98737119763963
0.00011166973041115295,0.00017779242802987933,14.207835927396376
6.640983877981814e-05,0.00011145554712906412,19.59505415750384
0.00018251044683980877,0.0001483459359928621,28.173729269217702
0.0003106532225637077,0.00012322652067765186,26.484028846483454
0.00010747466400157442,0.000662277349237685,27.176146266523997
0.0003567560116290324,0.00013121531000714537,10.054972163860949
0.0002344091739885455,8.566508124719284e-05,34.99103642857766
0.0003184760697315365,0.00022645396287043269,29.988464926553526
4.8974643811513476e-05,0.0009172738220258796,35.60380494566521
0.0001067142381354021,4.6226826114662607e-05,7.310868881367557
0.0001122056521897288,5.4667567340628006e-05,26.947871088080806
6.878455070416288e-05,0.00014159424426932098,19.08838139893446
7.37638074539602e-05,0.00014287390812131373,27.944666037578298
0.00013515356138166544,6.294961276722613e-05,10.365674851646872
9.854376867882402e-05,3.344252503293929e-05,12.669139448495933
0.00014261389270507982,0.0007865626216218991,70.86558356860176
0.00010652471757574601,0.00010888847809948137,56.53102725935194
0.00027836574213451544,0.0003743677404634654,33.20412614641654
6.52426311073017e-05,8.065869354975322e-05,19.89746018864728
0.0028967832539878815,0.012862692738303077,20.523994345378267
0.006385909959053934,0.0026938740710092317,25.260970848217017
0.002156168964462857,0.0006562256293349638,12.876437033607134
0.004917291191411536,0.021820062601752812,40.36119681801797
0.0007388500426882181,0.00028898847060340846,32.21122637190878
0.00013266672601114593,0.00015187200775285137,54.63711704554136
0.00026780043058831083,0.0002003249610230245,62.11133997694559
7.204077408461014e-05,7.968906991510877e-05,28.786778480026864
0.00013811171897052312,0.0001666663625576774,34.496740487941345
8.218626799325095e-05,0.00011047737638910274,56.72385955077718
0.0,0.0,0.0
7.151416805210766e-05,0.00013120525943834983,21.421888770927577
0.00013783842307704827,8.138772529398566e-05,81.91125163715233
0.0003504841045166395,0.0005103070991183593,14.195977565539595
0.0001314400689607531,5.6591635813288e-05,25.46330073936485
2.9731572445044373e-05,2.1565528053923963e-05,0.0
0.0001259297126039811,0.00044572318366995894,20.897976026446802
8.511901632371869e-05,6.16968100673607e-05,34.0657272207836
0.00015471946124862227,0.00015829628303411865,34.34497560811856
0.00014731539029800845,0.00016029339544051434,34.27020962627593
0.0001779625490699147,0.00030185282048386853,35.85503989511739
6.597580985118749e-05,9.053639466511751e-05,18.10735416371824
0.0022087482033486465,0.0009894072672388648,28.268771401918652
0.0014647870687347182,0.0010862058207024633,26.795330342908525
0.0010910005480644755,0.0008274236409208118,44.85492280675556
6.335365171136778e-05,4.656980689706619e-05,0.07547994582816142
9.07309140564833e-05,0.00022234080169832924,48.97160900857647
9.35333726968795e-05,0.00015746060987684981,31.504069919673537
0.0,0.0,0.0
0.00010252020547097026,9.745945772076044e-05,51.85138823270325
0.00014834158958030837,0.00012210033352632495,23.223129166870688
9.981743947718996e-05,8.792163480356903e-05,28.90897330170727
8.944124858049936e-05,4.6549579983080074e-05,28.696092672227646
0.000366445200077053,8.312997258399267e-05,44.009559500119636
0.00028569967295124225,0.0004393989023843615,50.351907942737526
9.910993437273462e-05,0.00016585837677711874,74.93564482159391
3.744003883446699e-05,1.992688790408745e-05,0.3499271061118825
0.0,0.0,0.0
0.00023400960883758167,0.0001232975492033569,33.55756681231119
7.63422607393632e-05,9.332906954954361e-05,31.970896201709408
0.0,0.0,0.0
1.7700314523434976e-05,8.843702700164714e-06,0.11371011804228057
2.685777608228937e-05,1.55896020308918e-05,0.06388749402528161
0.0007405235984975213,0.0005560493383763504,26.781173621779438
9.408995377889886e-05,7.974418733652059e-05,24.963790202447665
0.00010571558391815119,0.00023346737245908536,45.296998825824694
8.276444278350646e-05,8.722630884044734e-05,35.12092269533315
0.0001846911004739788,0.0007768551198002202,56.58529673451711
0.0003481484549642389,0.00020444008181728162,21.592483181643836
1.786679811851328e-05,9.431468602174422e-06,0.06538331787431129
9.490378701419579e-05,0.00020783622659753615,60.56403533267354
5.7736815891510316e-05,0.0020152490618448636,10.714015145267233
2.488687354779935e-05,1.5481675456101322e-05,9.28792244793718
4.9513768212877946e-05,2.355959683483285e-05,0.43094555077379565
0.00010134559163594457,8.767435566780922e-05,131.6555488079248
0.0001685001131776328,0.00023322866043189403,33.97697713262013
9.559503057896691e-05,0.00010752884604875627,26.25998753558983
0.00010739619301949495,0.00017279539113308325,27.790746993171545
6.81247858505224e-05,6.346014861722883e-05,42.391216737640306
0.0001350111373012268,0.0001903064700360462,55.60669013960329
0.00019225190603371938,0.00011177536074679369,24.476573088328415
8.969554169482551e-05,0.00012839558499276035,26.20877815418307
0.00016817594662514132,0.0001210030152592466,72.45461506777822
0.0001630697963256208,0.00010004170901255784,23.96268353011299
0.0002627519655647581,0.00010669908980477575,53.00794168536443
7.959643879441918e-05,0.00011191700871631156,20.228154446532688
2.4579475529083883e-05,1.228221639467537e-05,5.8215462001955
3.675434285582894e-05,1.919200451085056e-05,0.306186159447561
0.001873878733956188,0.0009133754865056432,32.6704187308573
0.00018501564409870952,0.00013102782336985456,32.14737678837224
9.838256110809556e-05,0.00015103542782582747,30.349235985095852
0.0005941724814843604,0.0005231107472048377,43.97091332631362
0.0002150377652733504,0.00014336255337733865,48.4750510652282
0.00014732320548834898,0.00020619048522426995,26.819175230844895
0.0014832401936546121,0.001473883426998742,22.386051962815973
8.994176498579265e-05,0.0002118672551133907,86.61634007487201
0.00010370522575303658,3.288393427650506e-05,20.103548341695124
0.0006271158785686209,0.0002151406872448814,10.679727975809561
8.673315179695138e-05,0.00026631826611941647,49.89739012284622
0.00015222613090436682,0.000193322785556672,49.032448397719975
3.0368486955643433e-05,1.4695189487043548e-05,0.4330127018922193
0.002546451664558086,0.001183453469607284,8.445396802875324
0.0001590845412823213,0.00035325200225670277,43.43156249156431
0.00033370405424152944,0.00028811387881351393,50.92617910538106
0.0002193534211947069,0.00019701108294783415,29.78505070188205
3.358955711393211e-05,1.6282716581451245e-05,0.41510708492472953
0.0012662024943873662,0.0006685327496656472,40.11505713570491
0.00011337538508024897,7.799323721879066e-05,14.293873394572183
5.912497698974603e-05,7.412187303669638e-05,29.437868475581844
0.000833307207358467,7.08312295959387e-05,14.78313601829004
0.0004061682401694314,0.00018470269110499639,13.394774246768728
0.0,0.0,0.0
1.6417423590119326e-05,5.8655294441593327e-05,9.879843364014494
0.0003463037361255251,0.0001251446291800506,8.396019486800956
0.00020533008066472318,0.0004043078992654122,43.38563568827541
9.737293822689261e-05,0.00018550878096016465,51.263114909967584
1.6449999998613407e-05,1.2249999997493433e-05,0.0
6.144365204137231e-05,5.677645526277546e-05,37.19537571632826
4.787925725225409e-05,2.4086157843836247e-05,0.44640223922239336
0.00013932042182826233,5.2650182091320726e-05,18.774116305979675
8.487744091909704e-05,6.970385767016866e-05,40.81408236755762
0.0,0.0,0.0
6.555384604918615e-05,0.00018339192747151328,24.56681203219217
0.00024033839611355,0.00012504401847619067,9.889110193343921
7.365228209262861e-05,0.00010505059715010446,50.524876377353856
0.002443435623062499,0.0005454661967152028,22.471292881303448
0.05988647246091627,0.05180415880480323,16.983537201352053
0.001480329157774579,0.0062544833439621954,16.093914187037882
0.0012081009992231705,0.003153338927250834,16.442439435822283
0.00029103519603733646,0.0013949414201152365,9.476843110310796
0.0013899279337156387,0.0007636236591123735,132.3329344027336
0.049064450105687746,0.033751349035671875,12.329050775297942
0.013088518817961615,0.024720265611517803,29.479288218816222
8.90660434930464e-05,9.927940771786351e-05,43.95458385732618
0.00022861078940870658,0.00010421452752200748,8.021504180700004
2.6866332904538642e-05,2.3975078205637987e-05,0.14523650612630362
5.564102034231299e-05,5.537854714313192e-05,30.295612253031745
0.00013652451346440338,0.00013420648988825268,24.05009258878682
4.359035640599117e-05,1.3600405166825646e-05,0.05769216097318209
3.350000000068576e-06,4.449999970290719e-06,0.0
0.0,0.0,0.0
4.464805582453771e-05,3.1039795261399775e-05,0.1414209965842022
0.00011396634952622947,9.06678014105692e-05,93.2654121764251
9.668909264623447e-05,9.009024194673661e-05,25.6037355315051
0.00010818070795539947,0.00013041213762697776,28.0552769175782
8.984774664338556e-05,5.598448829408529e-05,22.567387080612573
0.0001620478026396441,6.378335294648821e-05,16.278587759463136
0.00010695481212030324,4.7653827523712646e-05,62.09138325327775
5.129808075704827e-05,0.00011963891873007393,23.71336183697545
6.964994056490093e-05,8.815067192285721e-05,31.823128307413704
8.758006370655247e-05,0.0009614542818955043,53.7643765984823
0.0001121768911488678,0.00034284885252898586,43.53991547274623
7.904561546041537e-05,0.00010897658549376208,15.341684904835992
0.00012518730307802055,0.0001251586570470303,36.63857314526379
0.0001667946406253356,9.932193620674428e-05,22.891956882036283
0.00013165429812496933,0.00011902351752367241,31.575661536108527
0.0002889988308985471,0.00046287770140236115,84.83960705101818
0.0001337237056971612,0.00011839835280379772,28.69051189118682
0.0006422466776921272,0.00026973234378658477,11.980719936996888
8.869746544018334e-05,8.700628660558128e-05,17.361798624195124
0.0001061452341711061,3.8409184788717407e-05,18.69303241690667
7.191469741361906e-05,5.6930026749029504e-05,15.555730901599755
0.0006276071381211849,0.0007017987895377806,107.43040901044441
0.00027437028130902834,0.00012908110748772458,42.88415814552597
4.043713516061045e-05,1.444584369083972e-05,6.7127046224708335
2.964889234954097e-05,2.2339291623968298e-05,0.09428066438946814
7.623390178933609e-05,0.00010783691886975743,68.48375385435332
5.815227481370061e-05,1.4928459028984342e-05,0.05994774158603068
0.0017476293249709955,0.0005326732608067692,69.992518300213
0.025789980763708625,0.025438224286458148,19.288897105660872
0.09926842164346854,0.08391150033762969,27.65967236950888
0.1013909108302634,0.0710193644787984,26.081711467703837
0.03753962876829101,0.017741488817553996,21.72860726563281
0.011051558241768518,0.08895014870926515,28.09817313575805
0.0013218283695532603,0.0032090369476801468,20.91171705991618
0.001386143436827803,0.031671112679544124,13.940919928395097
0.04908548443088943,0.04181226792195541,13.762910506331862
0.019702998456276887,0.025894769674211875,16.185942025398788
0.10066419542273122,0.14039663287803336,15.70193299464831
0.00037956849929630124,0.0029339095412350357,44.2604871651376
7.701486148135225e-06,3.7789692900390276e-05,0.09977791093504207
0.0001083132633904721,6.988874979731117e-05,21.920884761484427
7.22142371534641e-05,5.2296404409588305e-05,25.4971924825529
0.0032435496298367336,0.001052330672416021,17.43794870908445
0.005235613436815324,0.00019756652373705068,14.063325143080675
0.03795117559602667,0.06608880184129641,11.445525923316115
0.029045675023988405,0.03371455194943835,11.538877444725333
0.11102741082313254,0.06314605486100673,56.18075508268551
0.1327774337770742,0.06355004233312857,60.62415203275135
0.012167817565941322,0.022253540866358903,52.49313549028813
9.382755966625265e-05,0.00012089925127515178,30.25184906531309
6.796328202696287e-05,7.923234041638244e-05,34.51382242984349
4.1133454101940174e-05,0.00017751381674835362,24.510786976063248
6.113388136203636e-05,4.183309045853601e-05,22.948200977177038
6.962387646807735e-05,7.029647045333064e-05,47.743851579105126
1.8658011899638406e-05,3.36484956009854e-05,22.18473715953012
0.00010400174285262743,8.975146647236226e-05,22.86471430950175
9.509875326945979e-05,6.44833956132131e-05,19.274012783655188
9.222273602309146e-05,5.9152683234975654e-05,26.047366214432117
1.0893952478856944e-06,5.3573349662684785e-06,0.04705900304457721
0.00012495861969855426,9.133565711166828e-05,23.535599168027847
2.342029034886501e-06,1.1101732975396257e-05,0.10000038146972656
1.8110770277790873e-06,6.864652949895406e-06,0.04705900304457721
5.839896860352505e-05,8.739786249183298e-05,19.651358674879088
0.0001443455039665903,9.320941569410897e-05,19.48566520703579
6.527365662083845e-06,0.00017463535411854267,43.129510072345795
1.8625989906315076e-06,2.8185279837108916e-06,0.0
1.0135526079371651e-06,5.191463079167988e-06,0.0
1.3423632359108279e-06,2.7566188297718465e-06,0.0
8.177435910963251e-05,7.645097004739368e-05,21.71838566354531
5.5704808625171624e-05,6.230152512545516e-05,23.613981232711232
0.0,0.0,0.0
0.0001239009793178367,9.614436914691894e-05,20.83973532977078
0.00011976409457418319,8.48484697890459e-05,33.4898897668344
0.0,0.0,0.0
2.6817433736659325e-05,6.106282259875156e-05,40.57388460846741
2.4406283346096838e-06,9.598213892428663e-06,0.09574305756015371
1.5813803746425585e-06,2.5914924838691808e-06,0.055277290704581976
7.441652185418477e-05,4.3296964845807044e-05,14.363693720804676
3.5641445256216506e-05,6.773043638271077e-05,30.413538995698183
0.0002531262991324294,4.777975530805324e-05,27.971073518128136
0.00025703948629902734,0.00019537977523524728,54.12799790544361
5.392302206315207e-07,8.529100877307805e-07,0.0
1.664883160268062e-06,3.735283633911059e-06,0.07806277276468983
0.0002643050688136628,0.00011132452016469613,45.18855263670414
2.0298465480934666e-06,1.1122052658352892e-05,0.09647564581252237
0.00011984873880814775,8.560435395384375e-05,21.786171332292053
8.587478508746056e-05,6.161301546379952e-05,18.790654845728678
0.0001644956526574197,7.90013454162033e-05,22.388550596093665
4.751778693030037e-05,7.470173303076833e-05,25.579374184704125
1.6765734214841575e-06,2.547724178635169e-06,0.0
9.22088343847717e-07,3.51394049465808e-06,0.0
1.4723344031245397e-06,9.364077868266922e-07,0.0
6.82510630904732e-06,2.534392468319085e-05,35.593413575831455
1.581801363568918e-05,8.264296828090896e-05,52.29597896623332
5.295447592644045e-05,8.981546060705434e-05,33.41355410720223
2.2179664106286705e-06,8.54799765886987e-06,0.043898566356797855
1.499091390862002e-06,8.026161912134283e-06,0.04358915571420555
2.7687573015857214e-05,4.825695740754894e-05,28.675007912442425
7.938226007579949e-07,2.447674642546657e-06,0.0458124594890824
1.934509465308878e-06,3.616321881572352e-06,0.0964756458125224
1.5963703953377482e-06,5.544986473295295e-06,0.06614403509512207
1.861865518640014e-06,4.2656248767789615e-06,0.0
5.817979795128195e-07,2.4001296076496574e-06,0.0
7.599889289163476e-05,0.00016788946532535665,39.842444175368286
1.6736818507511825e-06,4.925662233138331e-06,0.04841247650582997
6.270211764568306e-07,2.768505401805686e-06,0.0
8.456641046553414e-06,3.179200179844324e-05,32.85439757246897
0.00015972874779495474,0.0001549333220817968,17.043777105937927
6.289147232022454e-05,5.9848920324490763e-05,21.55379663441129
0.0017862881428952716,0.00034679576925379684,67.50224453668211
0.0026641545506567704,0.0023305507533610105,73.94919818269528
0.0003023621240692743,2.7212052275477234e-05,14.348892710725796
7.989816128193536e-05,5.495147079424205e-05,34.62859696822846
0.00012012198147631874,5.516263501837173e-05,26.46462840091993
8.012416394130338e-05,0.00012646765571403334,33.33101485734464
4.2472888460844116e-05,4.635728343535416e-05,19.325304774768444
3.1597381591353265e-05,3.571619472118578e-05,25.084884643281075
4.5476681833826076e-05,4.250178537007045e-05,23.118044320188975
6.465944490387327e-05,4.390792653884609e-05,19.41160975633416
5.203061706310618e-05,0.0002143218691137181,30.644248859841138
4.14479057262074e-06,7.851239114410052e-06,0.049888955467521943
1.1954775897144479e-06,3.940530138098983e-06,0.0
1.7215908341514124e-06,6.887495913038917e-06,0.0714145567093035
7.318628755753773e-07,3.4360722876832756e-06,0.0
4.871793813277589e-07,1.9538023875305053e-06,0.0
0.00011874286566288047,0.0001245601379907846,43.7885966965175
0.00010655664552356378,0.00011381639507700187,32.27567062573218
0.002849262186974814,0.0022101043484884855,25.41790441362591
0.012388426334653941,0.0035579084936757234,24.537370384242944
0.00644624991894397,0.0013327429492774553,53.7067232946863
0.0035786551309740567,0.0032934719662423566,48.300856056021736
0.00023764677105501988,0.003255775969117195,25.572228496351087
0.001364312196975253,0.000751858447786969,14.868679822230604
0.0006786455088175357,0.0011176472027195198,15.827785605384918
0.0010607332986766038,0.0014676444438421414,42.115692833952956
5.928515127185964e-05,7.755674993322006e-05,64.87084147932761
5.5615075889780566e-05,4.3160085554632186e-05,38.40594289857064
3.022316992174698e-06,9.659631205732107e-06,0.09797996347380007
8.050129651243561e-05,4.2815749960228206e-05,37.47130468070306
2.5616886070546974e-06,4.7850976814308e-06,0.0
2.542144763839961e-06,6.78859337265969e-06,0.0
2.750089374799807e-05,3.759305639934805e-05,66.91696347715354
3.764712914556613e-05,7.443885007680513e-05,23.32545499921385
1.6721625142334235e-05,4.193093745402495e-05,50.360719188447206
0.0001022536815676362,9.674961250825582e-05,106.10178748264875
9.555007571470739e-05,0.00018308025210174976,71.30682093362817
3.0852815002148352e-06,7.609291348453096e-06,0.06960086276956372
0.00012346030887313281,0.00012868473220951974,57.852632739361766
0.00020749906157307093,7.967564305999467e-05,9.270587696748622
5.746754864521497e-05,0.00015793770983959802,42.963369136102884
3.963095635485184e-05,0.00012699574567774955,45.497701145750916
0.005874130028731308,0.004016115590724876,35.491904789296285
8.758550149388564e-05,0.00013407077842178688,24.625855845794714
0.0001710308744728247,0.000176469518997429,21.630785152983798
6.508491703297659e-05,6.850724043110538e-05,21.320169011207433
0.0005003029710174369,0.0008553420961574273,17.333862808791693
0.008068815405973692,0.0018417553767095148,99.19751686029721
2.108220313169655e-05,5.8543567825181804e-05,0.0
0.00018264742127956034,0.00102855241607015,8.682505020241225
0.0001511818184792375,5.6032741914160635e-05,46.95843141395618
0.00018830829102980858,0.00010995790441424971,47.016944029094844
9.724223173049669e-05,0.00012889399058587056,35.331058890106554
2.024358777740622e-05,4.734861639290709e-05,28.53454961889893
1.6996731794477334e-07,1.1045360833194111e-06,0.0
1.6282232986750507e-06,5.999302942471916e-06,0.09938117810765285
8.197173587634087e-05,3.419761019600193e-05,16.74297487708953
1.0531018169541366e-06,3.5237087673795143e-06,0.09270283472059691
0.00010473690738131124,5.9181292993885475e-05,41.07032658367459
0.00010157494861265899,4.8551274678123654e-05,17.86535086557789
1.9284730370145196e-07,1.4880238182711376e-06,0.0
2.641968963188001e-06,9.21565381616654e-06,0.09797996347380007
9.60796154888961e-07,2.503258644961794e-06,0.0
0.00023028715773465625,8.422975744934151e-05,12.694275007097708
6.897071371380257e-05,7.133651187823215e-05,22.37435305332297
8.642485641397379e-05,0.0001552133453287783,37.181952212672826
3.9205610562455434e-05,3.7863745587241354e-05,19.193529316782914
6.0786896389205095e-05,6.234056953608686e-05,21.599657083236124
9.110433571871091e-07,2.8416055760659897e-06,0.0
1.6520096251004667e-06,3.1618335489185243e-06,0.0
0.0005039039075887106,0.0028446228807187776,18.25483977708304
0.00021815724989505486,0.00022673038303195554,43.877046583338426
0.007723083555622612,0.0054770896459365856,470.3498842717904
0.0005860329325534613,0.0010545259156995595,860.8708556098546
2.42009813858114e-06,5.518120007096096e-06,0.0
1.7661508682246797e-06,3.5072242923037148e-06,0.0
0.00010248591439755798,8.300410497414616e-05,29.595500675077968
4.208249185277069e-05,8.744963660728408e-05,34.71050601182089
3.472219168299989e-05,1.905017780499194e-05,35.39229355740455
1.4118545724459833e-06,6.8265820371101735e-06,0.07453588358073965
9.007557644118734e-07,4.326059757015133e-06,0.0
1.2392874290045824e-06,5.410380964336637e-06,0.10000038146972656
4.2697859512284244e-05,0.0001047231734876045,34.564898851298565
0.0013937805066565256,0.004915209504862163,18.652694180973512
0.0011650907122466273,0.0013956138235157582,80.14823576075526
0.0009603971065527695,0.00031762666683779304,10.663305521541169
0.0015113395642300518,0.0034424268321874584,16.434177246876736
0.0010136258399554916,0.0016817015628029662,100.78282599597347
0.00016264105068069463,0.0002441500821937266,18.915651165416232
0.00037354219511048537,0.00022603139018428665,23.17039815088954
8.751859775431124e-05,0.00011516741004717046,11.002188975375066
0.003456080801607967,0.003886027191434227,15.689331029827889
0.0031995970273050785,0.003586397904744671,16.45661154801183
0.0022796340709914146,0.009786259271420314,29.95958236776635
5.4985616525677065e-05,8.55054903912892e-05,8.979207107860692
1.4610514300166212e-06,2.9901568591164866e-06,0.0
0.0013502106045391743,0.007850081225304834,33.16247773468284
0.0005453423681248497,0.0005573050885620604,29.762872822687445
0.0005310542718701053,0.0007557672605235206,29.673103859848066
0.0001350921797180509,0.0007543491986318143,17.315537310443798
0.0001435939262941309,0.0005254351144836465,38.54702193140071
0.0005883809940804155,0.0010052804599594413,22.25820059974968
0.0,0.0,0.0
0.0009681796270626403,0.0003071590588303418,147.46161602495766
0.0001516762691480702,0.0003585488062131016,22.645743291934945
0.00021533025702518853,0.0004242995037610824,25.291334250886347
0.00023473204548941863,0.00044248777159619333,28.26569508173098
0.0043196406697237864,0.007540171379437717,19.499134909503784
0.0008422284038101296,0.002075867398065578,20.014092163232117
2.693542123028724e-05,5.7395047968704186e-05,32.544799135027716
0.0002972595200435483,0.00017539097394644328,37.02334999345476
7.623355923767661e-07,7.399717723051622e-06,0.024944953510101037
1.4028630336207547e-06,9.784639322777398e-06,0.04969153682298193
0.002176621970466384,0.0017747375720510636,107.94606297878441
0.0027888878152178636,0.0008724153790170978,18.37180085608909
0.001507074152043296,0.005021427485467239,38.658679659938144
0.0029053401863355244,0.004853751301551678,21.389723745137292
0.0003053190238564976,0.00293044171237611,19.836040055194218
0.000712284579871407,0.00013780082215860488,17.56641716464713
0.004289488102583234,0.007519335901888915,23.74522545430715
0.0006873764760528403,0.0005190964896857943,16.4214774986303
8.419126788516638e-05,0.00025488549422573683,17.277748235066674
9.524173494817969e-05,0.00033413575916842273,14.23713151898545
0.0001239768734167003,0.0007020534820478508,16.846171110365066
8.79460095712084e-05,0.000249003842362615,36.88862090541636
0.00011625202311462709,0.0005942123634322633,6.247279407870278
0.00019243163048022338,0.0011516384272479139,11.433508735274714
0.0005240410297571513,0.0003339738213169959,18.762525702276932
0.00016733108563871232,0.0004795027909217781,42.03496363626883
0.00014127493510978677,0.0004037739671471872,34.38055387314604
0.0045104623554743425,0.009192094033464635,35.83571705654608
0.006181501865532746,0.0020081666291796333,178.93521069847046
9.04577767489441e-06,8.347676973303224e-06,0.0
0.01009198706253207,0.01172183853842451,46.255839898889505
0.00014272849210689357,0.00042617949982592224,43.26324373701774
0.0004044189121413475,0.0005222798216785313,87.84394515676757
0.0039938555589151955,0.015751605048387126,36.24532223124059
4.884124412346531e-07,3.6916064837971447e-06,0.0
1.3044539081045254e-06,9.589841848058997e-06,0.047141531038425055
1.257134762799823e-06,6.7926675405126605e-06,0.0
9.412499971515379e-07,2.0811395574156557e-06,0.0
0.004210525390005704,0.0019334008146231992,31.74314816405431
0.0028900950623687994,0.016358683520902233,23.99239018135883
0.14312936958214242,0.07084725584971435,15.049095806624209
0.10688713176705558,0.08553859179346941,102.86117576071182
0.07547600803664879,0.06927786284386557,16.05096333891124
0.044994721476416526,0.1619242480078367,9.283311115880727
0.03650251172997053,0.07266860647799607,304.6778970611503
0.037609086130596665,0.0034471545744581716,48.45568262055243
1.4350222608047754e-06,3.080144297104388e-06,0.0
1.4637332660026969e-05,8.807199398753304e-06,24.894046377143436
0.0004251039028076187,0.0022156053818642887,22.007682380781784
0.0002293648749267224,0.00018653593454374994,13.10086459212614
0.000384884089006429,0.0006328233035681873,66.18627893479264
0.00019225977602528482,0.0002753425266899983,56.35182945146634
0.0005137858872182478,0.002088179427581513,76.04364810228643
2.8069350018647108e-05,3.771167325923684e-05,26.624099442581137
0.00012292202473672135,6.033827781692415e-05,26.596828580032142
0.0008346429409518247,0.0033945544458932457,63.30057704937953
0.0001442310328759154,5.6190891747459765e-05,19.60153007536876
6.235536879976469e-05,2.4364818872743508e-05,0.22587678041850934
0.0009076408751252166,0.002837514410769268,74.38394895529265
8.829482427123942e-05,0.00013045277016127208,25.71431528351509
5.0344888658038586e-05,6.191843571874257e-05,15.212297340975988
0.00017554059270728645,0.00030615266768419815,43.860055809089864
0.00012395501510060344,0.0009913277110228304,34.58369400532407
7.991654330367207e-05,0.00012757847872378497,19.129348055815484
0.0003232542398016436,0.00029495350507782996,27.769543736584726
6.609652042246375e-07,6.02079738335872e-07,0.0
9.269541713756956e-05,0.00019987485920287083,26.450005222449406
2.613794022698885e-05,4.053445045165063e-05,28.672329712135955
3.0241744280476718e-05,4.790237140633815e-05,37.49445129305332
2.570822716564459e-05,7.27049423501367e-05,32.27642422988686
3.244158409803487e-05,0.00011207308004756315,34.80337403186331
8.47656496240899e-05,0.00015445480881393442,24.62994244565969
7.065946171290881e-05,0.00010851011417914178,22.07260797281984
0.0005908822297502541,0.0031517028526076903,31.476193019880373
0.00017331554825214022,0.00016483354624709457,39.792207499518526
7.975263614855091e-05,8.909418325210636e-05,35.87574919624209
0.00017731844676917497,0.00018224957584311673,12.446244743650507
0.00033596230353385515,0.002049977634130326,12.431421830723362
3.516507521066732e-05,0.0001700047407924777,31.53408560703602
5.206433380443736e-05,5.197133617181173e-05,21.857538894899484
0.00016084244025031606,9.950580757254785e-05,42.89644751476612
0.00011257049157467445,0.00020678975860085233,23.440947163998175
5.7135288790894635e-05,0.00017808981611778173,43.31704845589906
1.4270167370784516e-05,9.778680086780177e-05,28.596321488927828
9.460578003822194e-06,0.0001487100610571907,35.74975719170877
2.0651838684060124e-05,0.00016010559084733407,58.46940540655943
2.030039481247386e-05,4.614710344474723e-05,15.302080767376287
4.499999999296733e-07,3.599999985226532e-06,0.0
8.88208328592089e-05,0.0001021936182387265,23.47328545307512
3.0344974770117914e-05,2.839942109581856e-05,11.308938591136906
9.854746620281248e-05,0.00010955788269174089,29.520158243306007
0.0004571449196753405,0.0018079747410457668,25.8260608123988
2.350345571533843e-05,4.820965210161985e-05,0.0
0.0005025804066336197,0.0009125698842717343,55.0616073744825
4.269359316015607e-05,8.694214543807042e-05,21.148826834815345
3.660686109640489e-05,0.00018472981880254601,37.22795426955624
0.0003068010857529183,0.0026209524301117984,34.09978737524419
0.0002606664887304058,0.00016729825677254574,0.0
3.946288002583888e-05,0.00013277738665025285,17.39223902146967
0.0004958052211685599,0.00018353367406834072,21.923398554940842
